page,line,tag,label,classHint,verdict,expected_action,proposed_fix
"01-signin.tsx","28","a","","font-medium text-slate-700 hover:underline","WIRED","navigate","OK"
"01-signin.tsx","46","button","","h-auto w-full justify-center gap-2 rounded-md bg-primary py-2.5 text-[14px] font","WIRED","fire onClick","OK"
"01-signin.tsx","56","button","","h-auto w-full justify-center gap-2 rounded-md border-slate-200 bg-white py-2.5 t","WIRED","fire onClick","OK"
"01-signin.tsx","82","button","","h-auto w-full justify-center gap-2 rounded-md border-slate-200 bg-white py-2.5 t","WIRED","fire onClick","OK"
"01-signin.tsx","112","button","","h-auto w-full justify-center gap-2 rounded-md border-slate-200 bg-white py-2.5 t","WIRED","fire onClick","OK"
"01-signin.tsx","124","a","","text-slate-600 hover:underline","WIRED","navigate","OK"
"01-signin.tsx","128","a","","text-slate-600 hover:underline","WIRED","navigate","OK"
"01-signin.tsx","142","a","","hover:text-slate-600","WIRED","navigate","OK"
"01-signin.tsx","145","a","","hover:text-slate-600","WIRED","navigate","OK"
"02-onboarding.tsx","74","button","","","DECORATIVE","fire onClick","wire onClick OR add data-disabled=true with explanatory tooltip"
"02-onboarding.tsx","101","div","","","DECORATIVE","fire onClick","wire handler or mark data-disabled"
"02-onboarding.tsx","165","div","","flex cursor-pointer items-center justify-between rounded-md border border-border","DECORATIVE","navigate/switch-pane","wire onClick to swap pane / route / set active"
"02-onboarding.tsx","242","button","","flex items-center gap-2 rounded-md px-2 py-1 hover:bg-hover","DECORATIVE","fire onClick","wire onClick OR add data-disabled=true with explanatory tooltip"
"02-onboarding.tsx","260","button","","h-auto px-2.5 py-1.5 text-[13px] font-medium text-secondary hover:bg-hover hover","DECORATIVE","fire onClick","wire onClick OR add data-disabled=true with explanatory tooltip"
"02-onboarding.tsx","312","button","","h-auto gap-1.5 rounded-md px-3.5 py-[7px] text-[13px] font-medium","DECORATIVE","fire onClick","wire onClick OR add data-disabled=true with explanatory tooltip"
"02-onboarding.tsx","349","button","","h-auto gap-1.5 rounded-md px-3.5 py-[7px] text-[13px] font-medium","DECORATIVE","fire onClick","wire onClick OR add data-disabled=true with explanatory tooltip"
"02-onboarding.tsx","369","button","","h-auto px-2.5 py-1.5 text-[13px] font-medium text-secondary hover:bg-hover hover","DECORATIVE","fire onClick","wire onClick OR add data-disabled=true with explanatory tooltip"
"03-dashboard.tsx","214","button","","","DECORATIVE","fire onClick","wire onClick OR add data-disabled=true with explanatory tooltip"
"03-dashboard.tsx","295","div","","","DECORATIVE","fire onClick","wire handler or mark data-disabled"
"03-dashboard.tsx","430","button","","flex items-center gap-2 rounded-md px-2 py-1 hover:bg-hover focus-visible:outlin","DECORATIVE","fire onClick","wire onClick OR add data-disabled=true with explanatory tooltip"
"03-dashboard.tsx","452","button","","h-auto gap-1.5 px-3.5 py-[7px] text-[13px] focus-visible:ring-foreground","DECORATIVE","fire onClick","wire onClick OR add data-disabled=true with explanatory tooltip"
"03-dashboard.tsx","461","button","","h-auto gap-1.5 px-3.5 py-[7px] text-[13px] focus-visible:ring-foreground","DECORATIVE","fire onClick","wire onClick OR add data-disabled=true with explanatory tooltip"
"03-dashboard.tsx","469","button","","h-auto gap-1.5 bg-primary px-3.5 py-[7px] text-[13px] text-background hover:bg-p","WIRED","fire onClick","OK"
"03-dashboard.tsx","565","button","","h-auto px-2.5 py-1.5 text-[12px] text-secondary hover:bg-hover hover:text-foregr","DECORATIVE","fire onClick","wire onClick OR add data-disabled=true with explanatory tooltip"
"03-dashboard.tsx","618","button","","h-auto px-2.5 py-1.5 text-[12px] text-secondary hover:bg-hover hover:text-foregr","WIRED","fire onClick","OK"
"03-dashboard.tsx","654","button","","h-auto px-2.5 py-1.5 text-[12px] text-secondary hover:bg-hover hover:text-foregr","WIRED","fire onClick","OK"
"03-dashboard.tsx","717","button","","h-auto px-2.5 py-1.5 text-[12px] text-secondary hover:bg-hover hover:text-foregr","WIRED","fire onClick","OK"
"04-contacts.tsx","114","button","","","WIRED","fire onClick","OK"
"04-contacts.tsx","201","div","","","DECORATIVE","fire onClick","wire handler or mark data-disabled"
"04-contacts.tsx","317","button","","flex items-center gap-2 rounded-md px-2 py-1 hover:bg-hover focus-visible:outlin","DECORATIVE","fire onClick","wire onClick OR add data-disabled=true with explanatory tooltip"
"04-contacts.tsx","339","button","","h-auto gap-1.5 px-3.5 py-[7px] text-[13px] focus-visible:ring-foreground","DECORATIVE","fire onClick","wire onClick OR add data-disabled=true with explanatory tooltip"
"04-contacts.tsx","347","button","","h-auto gap-1.5 px-3.5 py-[7px] text-[13px] focus-visible:ring-foreground","DECORATIVE","fire onClick","wire onClick OR add data-disabled=true with explanatory tooltip"
"04-contacts.tsx","355","button","","","WIRED","fire onClick","OK"
"04-contacts.tsx","368","button","","","DECORATIVE","fire onClick","wire onClick OR add data-disabled=true with explanatory tooltip"
"04-contacts.tsx","390","button","","h-auto gap-1.5 px-3.5 py-[7px] text-[12px] focus-visible:ring-foreground","DECORATIVE","fire onClick","wire onClick OR add data-disabled=true with explanatory tooltip"
"04-contacts.tsx","399","button","","h-auto gap-1.5 px-3.5 py-[7px] text-[12px] focus-visible:ring-foreground","DECORATIVE","fire onClick","wire onClick OR add data-disabled=true with explanatory tooltip"
"04-contacts.tsx","407","button","","h-auto gap-1.5 px-3.5 py-[7px] text-[12px] focus-visible:ring-foreground","DECORATIVE","fire onClick","wire onClick OR add data-disabled=true with explanatory tooltip"
"04-contacts.tsx","415","button","","h-auto gap-1.5 px-3.5 py-[7px] text-[12px] focus-visible:ring-foreground","DECORATIVE","fire onClick","wire onClick OR add data-disabled=true with explanatory tooltip"
"04-contacts.tsx","423","button","","h-auto gap-1.5 px-2.5 py-1.5 text-[12px] text-secondary hover:bg-hover hover:tex","DECORATIVE","fire onClick","wire onClick OR add data-disabled=true with explanatory tooltip"
"04-contacts.tsx","432","button","","h-auto gap-1.5 px-2.5 py-1.5 text-[12px] text-secondary hover:bg-hover hover:tex","DECORATIVE","fire onClick","wire onClick OR add data-disabled=true with explanatory tooltip"
"04-contacts.tsx","441","button","","rounded-l-md bg-border-subtle px-2 py-1.5 text-foreground hover:bg-border-subtle","DECORATIVE","fire onClick","wire onClick OR add data-disabled=true with explanatory tooltip"
"04-contacts.tsx","447","button","","px-2 py-1.5 text-muted hover:text-secondary focus-visible:outline-foreground","DECORATIVE","fire onClick","wire onClick OR add data-disabled=true with explanatory tooltip"
"04-contacts.tsx","554","button","","h-auto bg-border-subtle px-2 py-[7px] text-[12px] text-foreground hover:bg-borde","DECORATIVE","fire onClick","wire onClick OR add data-disabled=true with explanatory tooltip"
"04-contacts.tsx","561","button","","h-auto px-2 py-[7px] text-[12px] text-secondary hover:bg-hover hover:text-foregr","DECORATIVE","fire onClick","wire onClick OR add data-disabled=true with explanatory tooltip"
"04-contacts.tsx","568","button","","h-auto px-2 py-[7px] text-[12px] text-secondary hover:bg-hover hover:text-foregr","DECORATIVE","fire onClick","wire onClick OR add data-disabled=true with explanatory tooltip"
"04-contacts.tsx","576","button","","h-auto px-2 py-[7px] text-[12px] text-secondary hover:bg-hover hover:text-foregr","DECORATIVE","fire onClick","wire onClick OR add data-disabled=true with explanatory tooltip"
"05-contact-detail.tsx","164","button","","","WIRED","fire onClick","OK"
"05-contact-detail.tsx","273","div","","","DECORATIVE","fire onClick","wire handler or mark data-disabled"
"05-contact-detail.tsx","380","button","","flex items-center gap-2 rounded-md px-2 py-1 hover:bg-hover focus-visible:outlin","DECORATIVE","fire onClick","wire onClick OR add data-disabled=true with explanatory tooltip"
"05-contact-detail.tsx","430","button","","h-auto gap-1.5 px-3.5 py-[7px] text-[13px] focus-visible:ring-foreground","DECORATIVE","fire onClick","wire onClick OR add data-disabled=true with explanatory tooltip"
"05-contact-detail.tsx","438","button","","h-auto gap-1.5 px-3.5 py-[7px] text-[13px] focus-visible:ring-foreground","DECORATIVE","fire onClick","wire onClick OR add data-disabled=true with explanatory tooltip"
"05-contact-detail.tsx","446","button","","h-auto gap-1.5 border-primary bg-primary px-3.5 py-[7px] text-[13px] text-backgr","DECORATIVE","fire onClick","wire onClick OR add data-disabled=true with explanatory tooltip"
"05-contact-detail.tsx","511","button","","","WIRED","fire onClick","OK"
"05-contact-detail.tsx","553","button","","h-auto px-2.5 py-1.5 text-[12px] text-secondary hover:bg-hover hover:text-foregr","DECORATIVE","fire onClick","wire onClick OR add data-disabled=true with explanatory tooltip"
"05-contact-detail.tsx","625","button","","","WIRED","fire onClick","OK"
"06-vendors.tsx","113","button","","","WIRED","fire onClick","OK"
"06-vendors.tsx","200","div","","","DECORATIVE","fire onClick","wire handler or mark data-disabled"
"06-vendors.tsx","354","button","","flex items-center gap-2 rounded-md px-2 py-1 hover:bg-hover focus-visible:outlin","DECORATIVE","fire onClick","wire onClick OR add data-disabled=true with explanatory tooltip"
"06-vendors.tsx","376","button","","h-auto gap-1.5 px-3.5 py-[7px] text-[13px] focus-visible:ring-foreground","DECORATIVE","fire onClick","wire onClick OR add data-disabled=true with explanatory tooltip"
"06-vendors.tsx","384","button","","h-auto gap-1.5 px-3.5 py-[7px] text-[13px] focus-visible:ring-foreground","DECORATIVE","fire onClick","wire onClick OR add data-disabled=true with explanatory tooltip"
"06-vendors.tsx","392","button","","","WIRED","fire onClick","OK"
"06-vendors.tsx","405","button","","","DECORATIVE","fire onClick","wire onClick OR add data-disabled=true with explanatory tooltip"
"06-vendors.tsx","427","button","","h-auto gap-1.5 px-3.5 py-[7px] text-[12px] focus-visible:ring-foreground","DECORATIVE","fire onClick","wire onClick OR add data-disabled=true with explanatory tooltip"
"06-vendors.tsx","436","button","","h-auto gap-1.5 px-3.5 py-[7px] text-[12px] focus-visible:ring-foreground","DECORATIVE","fire onClick","wire onClick OR add data-disabled=true with explanatory tooltip"
"06-vendors.tsx","444","button","","h-auto gap-1.5 px-3.5 py-[7px] text-[12px] focus-visible:ring-foreground","DECORATIVE","fire onClick","wire onClick OR add data-disabled=true with explanatory tooltip"
"06-vendors.tsx","452","button","","h-auto gap-1.5 px-3.5 py-[7px] text-[12px] focus-visible:ring-foreground","DECORATIVE","fire onClick","wire onClick OR add data-disabled=true with explanatory tooltip"
"06-vendors.tsx","461","button","","h-auto gap-1.5 px-2.5 py-1.5 text-[12px] text-secondary hover:bg-hover hover:tex","DECORATIVE","fire onClick","wire onClick OR add data-disabled=true with explanatory tooltip"
"06-vendors.tsx","579","button","","h-auto bg-border-subtle px-2 py-[7px] text-[12px] text-foreground hover:bg-borde","DECORATIVE","fire onClick","wire onClick OR add data-disabled=true with explanatory tooltip"
"06-vendors.tsx","586","button","","h-auto px-2 py-[7px] text-[12px] text-secondary hover:bg-hover hover:text-foregr","DECORATIVE","fire onClick","wire onClick OR add data-disabled=true with explanatory tooltip"
"06-vendors.tsx","593","button","","h-auto px-2 py-[7px] text-[12px] text-secondary hover:bg-hover hover:text-foregr","DECORATIVE","fire onClick","wire onClick OR add data-disabled=true with explanatory tooltip"
"06-vendors.tsx","600","button","","h-auto px-2 py-[7px] text-[12px] text-secondary hover:bg-hover hover:text-foregr","DECORATIVE","fire onClick","wire onClick OR add data-disabled=true with explanatory tooltip"
"07-vendor-detail.tsx","223","button","","","WIRED","fire onClick","OK"
"07-vendor-detail.tsx","351","div","","","DECORATIVE","fire onClick","wire handler or mark data-disabled"
"07-vendor-detail.tsx","486","button","","flex items-center gap-2 rounded-md px-2 py-1 hover:bg-hover focus-visible:outlin","DECORATIVE","fire onClick","wire onClick OR add data-disabled=true with explanatory tooltip"
"07-vendor-detail.tsx","541","button","","h-auto gap-1.5 px-3.5 py-[7px] text-[13px] focus-visible:ring-foreground","DECORATIVE","fire onClick","wire onClick OR add data-disabled=true with explanatory tooltip"
"07-vendor-detail.tsx","549","button","","h-auto gap-1.5 px-3.5 py-[7px] text-[13px] focus-visible:ring-foreground","DECORATIVE","fire onClick","wire onClick OR add data-disabled=true with explanatory tooltip"
"07-vendor-detail.tsx","557","button","","h-auto gap-1.5 bg-primary px-3.5 py-[7px] text-[13px] text-background hover:bg-p","DECORATIVE","fire onClick","wire onClick OR add data-disabled=true with explanatory tooltip"
"07-vendor-detail.tsx","595","button","","","WIRED","fire onClick","OK"
"07-vendor-detail.tsx","637","button","","h-auto gap-1.5 px-2.5 py-1.5 text-[12px] text-secondary hover:bg-hover hover:tex","DECORATIVE","fire onClick","wire onClick OR add data-disabled=true with explanatory tooltip"
"07-vendor-detail.tsx","685","button","","h-auto px-2.5 py-1.5 text-[12px] text-secondary hover:bg-hover hover:text-foregr","DECORATIVE","fire onClick","wire onClick OR add data-disabled=true with explanatory tooltip"
"07-vendor-detail.tsx","779","a","","text-[12px] font-medium text-secondary hover:text-foreground hover:underline","WIRED","navigate","OK"
"08-projects-board.tsx","118","button","","","WIRED","fire onClick","OK"
"08-projects-board.tsx","200","div","","","DECORATIVE","fire onClick","wire handler or mark data-disabled"
"08-projects-board.tsx","226","button","","","DECORATIVE","fire onClick","wire onClick OR add data-disabled=true with explanatory tooltip"
"08-projects-board.tsx","442","button","","flex items-center gap-2 rounded-md px-2 py-1 hover:bg-hover focus-visible:outlin","DECORATIVE","fire onClick","wire onClick OR add data-disabled=true with explanatory tooltip"
"08-projects-board.tsx","466","button","","flex items-center gap-1.5 rounded-l-md bg-primary-tint px-2.5 py-1.5 text-[12px]","DECORATIVE","fire onClick","wire onClick OR add data-disabled=true with explanatory tooltip"
"08-projects-board.tsx","473","button","","flex items-center gap-1.5 px-2.5 py-1.5 text-[12px] text-muted hover:bg-hover fo","DECORATIVE","fire onClick","wire onClick OR add data-disabled=true with explanatory tooltip"
"08-projects-board.tsx","480","button","","flex items-center gap-1.5 px-2.5 py-1.5 text-[12px] text-muted hover:bg-hover fo","DECORATIVE","fire onClick","wire onClick OR add data-disabled=true with explanatory tooltip"
"08-projects-board.tsx","489","button","","h-auto gap-1.5 px-3.5 py-[7px] text-[13px] focus-visible:ring-foreground","DECORATIVE","fire onClick","wire onClick OR add data-disabled=true with explanatory tooltip"
"08-projects-board.tsx","497","button","","h-auto gap-1.5 px-3.5 py-[7px] text-[13px] focus-visible:ring-foreground","DECORATIVE","fire onClick","wire onClick OR add data-disabled=true with explanatory tooltip"
"08-projects-board.tsx","505","button","","","WIRED","fire onClick","OK"
"08-projects-board.tsx","538","button","","h-auto gap-1.5 px-2.5 py-1 text-[12px] text-secondary hover:bg-hover hover:text-","DECORATIVE","fire onClick","wire onClick OR add data-disabled=true with explanatory tooltip"
"09-project-detail.tsx","272","button","","","WIRED","fire onClick","OK"
"09-project-detail.tsx","398","div","","","DECORATIVE","fire onClick","wire handler or mark data-disabled"
"09-project-detail.tsx","505","button","","flex items-center gap-2 rounded-md px-2 py-1 hover:bg-hover focus-visible:outlin","DECORATIVE","fire onClick","wire onClick OR add data-disabled=true with explanatory tooltip"
"09-project-detail.tsx","605","button","","text-[11px] font-medium text-secondary opacity-0 transition-opacity group-hover:","DECORATIVE","fire onClick","wire onClick OR add data-disabled=true with explanatory tooltip"
"09-project-detail.tsx","620","button","","","DECORATIVE","fire onClick","wire onClick OR add data-disabled=true with explanatory tooltip"
"09-project-detail.tsx","713","button","","h-auto gap-1.5 px-3.5 py-[7px] text-[13px] focus-visible:ring-foreground","DECORATIVE","fire onClick","wire onClick OR add data-disabled=true with explanatory tooltip"
"09-project-detail.tsx","721","button","","h-auto gap-1.5 px-3.5 py-[7px] text-[13px] focus-visible:ring-foreground","DECORATIVE","fire onClick","wire onClick OR add data-disabled=true with explanatory tooltip"
"09-project-detail.tsx","729","button","","","WIRED","fire onClick","OK"
"09-project-detail.tsx","770","button","","h-auto gap-1.5 px-3.5 py-[7px] text-[12px] focus-visible:ring-foreground","DECORATIVE","fire onClick","wire onClick OR add data-disabled=true with explanatory tooltip"
"09-project-detail.tsx","791","button","","h-auto px-2.5 py-1.5 text-[12px] text-secondary hover:bg-hover hover:text-foregr","DECORATIVE","fire onClick","wire onClick OR add data-disabled=true with explanatory tooltip"
"09-project-detail.tsx","827","button","","h-auto gap-1.5 px-2.5 py-1.5 text-[12px] text-secondary hover:bg-hover hover:tex","DECORATIVE","fire onClick","wire onClick OR add data-disabled=true with explanatory tooltip"
"09-project-detail.tsx","879","button","","h-auto bg-primary px-3 py-1 text-[11px] text-background hover:bg-primary-hover","DECORATIVE","fire onClick","wire onClick OR add data-disabled=true with explanatory tooltip"
"10-pipelines.tsx","158","button","","","DECORATIVE","fire onClick","wire onClick OR add data-disabled=true with explanatory tooltip"
"10-pipelines.tsx","215","div","","","DECORATIVE","fire onClick","wire handler or mark data-disabled"
"10-pipelines.tsx","243","button","","inline-flex items-center gap-1 rounded-full bg-border-subtle px-2 py-0.5 text-[1","DECORATIVE","fire onClick","wire onClick OR add data-disabled=true with explanatory tooltip"
"10-pipelines.tsx","254","button","","","DECORATIVE","fire onClick","wire onClick OR add data-disabled=true with explanatory tooltip"
"10-pipelines.tsx","415","button","","flex items-center gap-2 rounded-md px-2 py-1 hover:bg-hover focus-visible:outlin","DECORATIVE","fire onClick","wire onClick OR add data-disabled=true with explanatory tooltip"
"10-pipelines.tsx","427","button","","h-auto px-2.5 py-1.5 text-[12px] text-secondary hover:bg-hover hover:text-foregr","DECORATIVE","fire onClick","wire onClick OR add data-disabled=true with explanatory tooltip"
"10-pipelines.tsx","441","button","","h-auto gap-1.5 px-3.5 py-[7px] text-[13px] focus-visible:ring-foreground","DECORATIVE","fire onClick","wire onClick OR add data-disabled=true with explanatory tooltip"
"10-pipelines.tsx","445","button","","","WIRED","fire onClick","OK"
"11-calendar.tsx","227","button","","","DECORATIVE","fire onClick","wire onClick OR add data-disabled=true with explanatory tooltip"
"11-calendar.tsx","324","div","","","DECORATIVE","fire onClick","wire handler or mark data-disabled"
"11-calendar.tsx","348","div","","","DECORATIVE","fire onClick","wire handler or mark data-disabled"
"11-calendar.tsx","390","div","","","DECORATIVE","fire onClick","wire handler or mark data-disabled"
"11-calendar.tsx","409","button","","","DECORATIVE","fire onClick","wire onClick OR add data-disabled=true with explanatory tooltip"
"11-calendar.tsx","510","button","","flex items-center gap-2 rounded-md px-2 py-1 hover:bg-hover focus-visible:outlin","DECORATIVE","fire onClick","wire onClick OR add data-disabled=true with explanatory tooltip"
"11-calendar.tsx","525","button","","","WIRED","fire onClick","OK"
"11-calendar.tsx","541","button","","h-auto px-2.5 py-1.5 text-[12px] text-secondary hover:bg-hover hover:text-foregr","DECORATIVE","fire onClick","wire onClick OR add data-disabled=true with explanatory tooltip"
"11-calendar.tsx","557","button","","rounded-l-md px-2.5 py-1.5 text-[12px] text-muted hover:bg-hover hover:text-fore","DECORATIVE","fire onClick","wire onClick OR add data-disabled=true with explanatory tooltip"
"11-calendar.tsx","563","button","","bg-primary-tint px-2.5 py-1.5 text-[12px] font-medium text-primary","DECORATIVE","fire onClick","wire onClick OR add data-disabled=true with explanatory tooltip"
"11-calendar.tsx","569","button","","px-2.5 py-1.5 text-[12px] text-muted hover:bg-hover hover:text-foreground","DECORATIVE","fire onClick","wire onClick OR add data-disabled=true with explanatory tooltip"
"11-calendar.tsx","575","button","","rounded-r-md px-2.5 py-1.5 text-[12px] text-muted hover:bg-hover hover:text-fore","DECORATIVE","fire onClick","wire onClick OR add data-disabled=true with explanatory tooltip"
"11-calendar.tsx","583","button","","h-auto gap-1.5 px-3.5 py-[7px] text-[13px] focus-visible:ring-foreground","DECORATIVE","fire onClick","wire onClick OR add data-disabled=true with explanatory tooltip"
"11-calendar.tsx","660","button","","mt-4 h-auto w-full justify-center px-3.5 py-[7px] text-[13px] focus-visible:ring","DECORATIVE","fire onClick","wire onClick OR add data-disabled=true with explanatory tooltip"
"12-conversations.tsx","123","button","","","WIRED","fire onClick","OK"
"12-conversations.tsx","207","div","","","DECORATIVE","fire onClick","wire handler or mark data-disabled"
"12-conversations.tsx","235","button","","","DECORATIVE","fire onClick","wire onClick OR add data-disabled=true with explanatory tooltip"
"12-conversations.tsx","263","div","","","WIRED","fire onClick","OK"
"12-conversations.tsx","424","button","","h-auto gap-2 rounded-md px-2 py-1 text-secondary hover:bg-hover focus-visible:ri","DECORATIVE","fire onClick","wire onClick OR add data-disabled=true with explanatory tooltip"
"12-conversations.tsx","441","button","","","WIRED","fire onClick","OK"
"12-conversations.tsx","478","button","","","WIRED","fire onClick","OK"
"12-conversations.tsx","487","button","","h-auto gap-1.5 px-3.5 py-[7px] text-[13px] focus-visible:ring-foreground","DECORATIVE","fire onClick","wire onClick OR add data-disabled=true with explanatory tooltip"
"12-conversations.tsx","513","button","","rounded bg-background px-2.5 py-1 font-medium text-foreground shadow-sm","DECORATIVE","fire onClick","wire onClick OR add data-disabled=true with explanatory tooltip"
"12-conversations.tsx","519","button","","px-2.5 py-1 text-muted","DECORATIVE","fire onClick","wire onClick OR add data-disabled=true with explanatory tooltip"
"12-conversations.tsx","522","button","","px-2.5 py-1 text-muted","DECORATIVE","fire onClick","wire onClick OR add data-disabled=true with explanatory tooltip"
"12-conversations.tsx","557","button","","h-auto px-3.5 py-[7px] text-[12px] focus-visible:ring-foreground","DECORATIVE","fire onClick","wire onClick OR add data-disabled=true with explanatory tooltip"
"12-conversations.tsx","564","button","","","WIRED","fire onClick","OK"
"12-conversations.tsx","587","button","","h-auto flex-1 justify-center gap-1.5 px-2.5 py-1.5 text-[11px] text-secondary ho","DECORATIVE","fire onClick","wire onClick OR add data-disabled=true with explanatory tooltip"
"12-conversations.tsx","595","button","","h-auto flex-1 justify-center gap-1.5 px-2.5 py-1.5 text-[11px] text-secondary ho","DECORATIVE","fire onClick","wire onClick OR add data-disabled=true with explanatory tooltip"
"13-workflows.tsx","173","button","","","DECORATIVE","fire onClick","wire onClick OR add data-disabled=true with explanatory tooltip"
"13-workflows.tsx","265","div","","","DECORATIVE","fire onClick","wire handler or mark data-disabled"
"13-workflows.tsx","453","button","","h-auto gap-2 rounded-md px-2 py-1 text-secondary hover:bg-hover focus-visible:ri","DECORATIVE","fire onClick","wire onClick OR add data-disabled=true with explanatory tooltip"
"13-workflows.tsx","470","button","","","WIRED","fire onClick","OK"
"13-workflows.tsx","504","button","","h-auto gap-1.5 px-2.5 py-1.5 text-[12px] text-secondary hover:bg-hover hover:tex","DECORATIVE","fire onClick","wire onClick OR add data-disabled=true with explanatory tooltip"
"13-workflows.tsx","512","button","","h-auto gap-1.5 px-3.5 py-[7px] text-[13px] focus-visible:ring-foreground","DECORATIVE","fire onClick","wire onClick OR add data-disabled=true with explanatory tooltip"
"13-workflows.tsx","520","button","","","WIRED","fire onClick","OK"
"13-workflows.tsx","529","button","","","WIRED","fire onClick","OK"
"13-workflows.tsx","588","button","","h-auto gap-1.5 px-3.5 py-[7px] text-[12px] focus-visible:ring-foreground","DECORATIVE","fire onClick","wire onClick OR add data-disabled=true with explanatory tooltip"
"14-forms.tsx","169","button","","","DECORATIVE","fire onClick","wire onClick OR add data-disabled=true with explanatory tooltip"
"14-forms.tsx","226","div","","","DECORATIVE","fire onClick","wire handler or mark data-disabled"
"14-forms.tsx","265","button","","","DECORATIVE","fire onClick","wire onClick OR add data-disabled=true with explanatory tooltip"
"14-forms.tsx","282","button","","absolute -left-3 top-1/2 flex size-6 -translate-y-1/2 items-center justify-cente","DECORATIVE","fire onClick","wire onClick OR add data-disabled=true with explanatory tooltip"
"14-forms.tsx","411","button","","flex items-center gap-2 rounded-md px-2 py-1 hover:bg-hover","DECORATIVE","fire onClick","wire onClick OR add data-disabled=true with explanatory tooltip"
"14-forms.tsx","457","button","","h-[34px] gap-1.5 px-3.5 py-[7px] text-[13px]","WIRED","fire onClick","OK"
"14-forms.tsx","458","button","","h-[34px] gap-1.5 px-3.5 py-[7px] text-[13px]","WIRED","fire onClick","OK"
"14-forms.tsx","481","button","","h-[34px] px-3.5 py-[7px] text-[13px] disabled:opacity-70","DISABLED","fire onClick","OK (intentionally inert)"
"14-forms.tsx","491","a","","text-[12px] font-medium text-foreground hover:underline","DECORATIVE","navigate","wire handler or mark data-disabled"
"14-forms.tsx","522","button","","h-auto justify-start gap-1.5 px-2.5 py-1.5 text-[12px] text-secondary hover:bg-h","DECORATIVE","fire onClick","wire onClick OR add data-disabled=true with explanatory tooltip"
"15-settings.tsx","240","button","","","DECORATIVE","fire onClick","wire onClick OR add data-disabled=true with explanatory tooltip"
"15-settings.tsx","321","div","","","DECORATIVE","fire onClick","wire handler or mark data-disabled"
"15-settings.tsx","445","button","","h-auto px-3.5 py-[7px] text-[12px] focus-visible:ring-foreground","DECORATIVE","fire onClick","wire onClick OR add data-disabled=true with explanatory tooltip"
"15-settings.tsx","452","button","","h-auto px-2.5 py-1.5 text-[12px] text-secondary hover:bg-hover hover:text-foregr","DECORATIVE","fire onClick","wire onClick OR add data-disabled=true with explanatory tooltip"
"15-settings.tsx","461","button","","h-auto bg-primary px-3.5 py-[7px] text-[12px] text-background hover:bg-primary-h","DECORATIVE","fire onClick","wire onClick OR add data-disabled=true with explanatory tooltip"
"15-settings.tsx","565","button","","flex items-center gap-2 rounded-md px-2 py-1 hover:bg-hover focus-visible:outlin","DECORATIVE","fire onClick","wire onClick OR add data-disabled=true with explanatory tooltip"
"15-settings.tsx","617","button","","h-auto gap-1.5 px-3.5 py-[7px] text-[13px] focus-visible:ring-foreground","DECORATIVE","fire onClick","wire onClick OR add data-disabled=true with explanatory tooltip"
"15-settings.tsx","691","button","","h-auto gap-1.5 px-3.5 py-[7px] text-[13px] focus-visible:ring-foreground","DECORATIVE","fire onClick","wire onClick OR add data-disabled=true with explanatory tooltip"
"15-settings.tsx","716","button","","h-auto px-2.5 py-1.5 text-[13px] text-secondary hover:bg-hover hover:text-foregr","DECORATIVE","fire onClick","wire onClick OR add data-disabled=true with explanatory tooltip"
"16-spec-sheet.tsx","160","button","","","WIRED","fire onClick","OK"